ID,SALE ID,Sent date,Delivered date,Shipping class,Phone,Customer,Type,Country,City,State,Zip code,Location,ITEM ID,Department,I,Description,Cost,Quantity
6951,CA-2017-143021,11/19/2017,11/19/2017,Same Day,5550436951,Anne Pryor,Home Office,United States,New York City,New York,10011,East,FUR-TA-10001676,Furniture,Tables,Hon 61000 Series Interactive Training Tables,79.974,3
6952,CA-2015-161767,11/20/2015,11/24/2015,Standard Class,(729)-231-231,Grace Kelly,Corporate,United States,Dallas,Texas,75217,Central,TEC-MA-10002790,Technology,Machines,NeatDesk Desktop Scanner & Digital Filing System,479.988,2
6953,CA-2015-129917,10/2/2015,10/3/2015,First Class,4412622293,Henry R. MacAllister,Consumer,United States,Los Angeles,California,90008,West,OFF-BI-10001757,Office Supplies,Binders,Pressboard Hanging Data Binders for Unburst Sheets,11.808,3
6954,CA-2015-129917,10/2,10/3/2015,1st class,2948228756,Henry R. MacAllister,Consumer,United States,Los Angeles,California,90008,West,OFF-BI-10004828,Office Supplies,Binders,GBC Poly Designer Binding Covers,53.568,4
6955,CA-2015-129917,10/2,10/3/2015,1st class,7284569107,Henry R. MacAllister,Consumer,United States,Los Angeles,California,90008,West,TEC-PH-10000369,Technology,Phones,HTC One Mini,503.96,5
6956,CA-2015-115420,4/25/2015,5/2/2015,Standard Class,8340827988,Linda Southworth,Corporate,United States,Los Angeles,California,90004,West,OFF-EN-10003862,Office Supplies,Envelopes,Laser & Ink Jet Business Envelopes,21.34,2
6957,CA-2016-157588,7/14/2016,7/19/2016,Standard Class,9772054390,Anemone Ratner,Consumer,United States,Columbus,Georgia,31907,,OFF-BI-10003963,Office Supp.,Binders,Cardinal Holdit Data Disk Pockets,36.4,5
6958,CA-2016-157588,7/14/2016,7/19/2016,Standard Class,3263762265,Anemone Ratner,Consumer,United States,Columbus,Georgia,31907,South,FUR-FU-10004848,Furniture,Furnishings,"Howard Miller 13-3/4"" Diameter Brushed Chrome Round Wall Clock",51.75,1
6959,CA-2015-167255,9/27/2015,9/29/2015,Second Class,719-942-3431,Rick Huthwaite,Home Office,United States,San Francisco,California,94110,,OFF-ST-10001328,Office Supplies,Storage,"Personal Filing Tote with Lid, Black/Gray",15.51,1
6960,CA-2015-167255,9/27/2015,9/29/2015,Second Class,719-942-3431,Rick Huthwaite,Home Office,United States,San Francisco,California,94110,West,OFF-PA-10002377,Office Supp.,Paper,Xerox 1916,146.82,3
6961,CA-2015-167255,9/27/2015,9/29/2015,Second Class,719-942-3431,Rick Huthwaite,Home Office,United States,San Francisco,California,94110,West,OFF-PA-10003441,Office Supp.,Paper,Xerox 226,12.96,2
6962,CA-2017-162096,11/10/2017,11/10/2017,Same Day,3810213071,Thomas Brumley,Home Office,United States,Riverside,California,92503,West,OFF-AR-10002221,Office Supp.,Art,12 Colored Short Pencils,"7,8",3
6963,CA-2016-157161,7/16/2016,7/20/2016,Second Class,5018545866,Jonathan Becker Doherty,Corporate,United States,Columbia,South Carolina,29203,,OFF-EN-10001509,Office Supp.,Envelopes,Poly String Tie Envelopes,10.2,5
6964,CA-2016-157161,7/16/2016,7/20/2016,Second Class,4517538997,Jonathan Becker Doherty,Corporate,United States,Columbia,South Carolina,29203,South,OFF-AR-10003338,Office Supp.,Art,"Eberhard Faber 3 1/2"" Golf Pencils",22.32,3
6965,CA-2016-157161,7/16/2016,7/20/2016,Second Class,3493559260,Jonathan Becker Doherty,Corporate,United States,Columbia,South Carolina,29203,South,OFF-BI-10004728,Office Supplies,Binders,Wilson Jones Turn Tabs Binder Tool for Ring Binders,24.1,5
6966,CA-2016-157161,7/16/2016,7/20/2016,Second Class,4616913167,Jonathan Becker Doherty,Corporate,United States,Columbia,South Carolina,29203,,TEC-AC-10000358,Technology,Accessories,Imation Secure Drive + Hardware Encrypted USB flash drive - 16 GB,75.98,2
6967,CA-2016-157161,7/16/2016,7/20/2016,Second Class,2818973834,Jonathan Becker Doherty,Corporate,United States,Columbia,South Carolina,29203,South,OFF-BI-10002764,Office Supplies,Binders,Recycled Pressboard Report Cover with Reinforced Top Hinge,6.46,2
6968,CA-2016-157161,7/16/2016,7/20/2016,Second Class,7409476607,Jonathan Becker Doherty,Corporate,United States,Columbia,South Carolina,29203,South,OFF-PA-10001461,Office Supplies,Paper,HP Office Paper (20Lb. and 87 Bright),60.12,9
6969,CA-2015-110765,10/16/2015,10/20/2015,Second Class,8697076709,Michael Paige,Corporate,United States,New York City,New York,10011,East,TEC-PH-10004165,Technology,Phones,Mitel MiVoice 5330e IP Phone,"824,97",3
6970,CA-2016-163937,1/10/2016,1/13/2016,Second Class,7783978209,Joy Bell-,Consumer,United States,Longview,Washington,98632,,FUR-FU-10000010,Furniture,Furnishings,"DAX Value U-Channel Document Frames, Easel Back",24.85,5
6971,CA-2017-153822,9/19/2017,9/25/2017,Standard Class,5116984637,Adrian Barton,Consumer,United States,Phoenix,Arizona,85023,West,OFF-ST-10000321,Office Supplies,Storage,Akro Stacking Bins,12.624,2
6972,CA-2017-153822,9/19/2017,9/25/2017,Standard Class,4215758449,Adrian Barton,Consumer,United States,Phoenix,Arizona,85023,West,TEC-AC-10000109,Technology,Accessories,Sony Micro Vault Click 16 GB USB 2.0 Flash Drive,89.584,2
6973,CA-2017-153822,9/19/2017,9/25/2017,Standard Class,882-1212121,Adrian Barton,Consumer,United States,Phoenix,Arizona,85023,West,TEC-PH-10002415,Technology,Phones,Polycom VoiceStation 500 Conference phone,471.92,2
6974,CA-2017-153822,9/19/2017,9/25/2017,Standard Class,2792621461,Adrian Barton,Consumer,United States,Phoenix,Arizona,85023,West,OFF-BI-10001460,Office Supplies,Binders,Plastic Binding Combs,18.18,4
6975,CA-2017-146185,9/15/2017,9/19/2017,Standard Class,5357391036,Charles Crestani,Consumer,United States,Houston,Texas,77095,Central,OFF-AR-10002987,Office Supplies,Art,Prismacolor Color Pencil Set,31.744,2
6976,CA-2015-112144,6/28,7/2/2015,Standard Class,3213680090,Craig Yedwab,Corporate,United States,Gilbert,Arizona,85234,,OFF-LA-10000443,Office Supplies,Labels,Avery 501,5.904,2
6977,CA-2015-112144,6/28/2015,7/2/2015,Standard Class,8827862148,Craig Yedwab,Corporate,United States,Gilbert,Arizona,85234,West,FUR-FU-10004306,Furniture,Furnishings,Electrix Halogen Magnifier Lamp,621.76,4
6978,US-2016-119298,11/25/2016,11/28/2016,First Class,(719)-593-8958,Emily Phan,Consumer,United States,Jonesboro,Arkansas,72401,South,TEC-PH-10002564,Technology,Phones,OtterBox Defender Series Case - Samsung Galaxy S4,60,2
6979,CA-2017-155159,11/25/2017,11/29/2017,Second Class,1140823343,Delfina Latchford,Consumer,United States,Atlanta,Georgia,30318,South,OFF-PA-10003724,Office Supplies,Paper,"Wirebound Message Book, 4 per Page",48.87,9
6980,CA-2017-149076,1/14/2017,1/19/2017,Standard Class,7990303611,Sean O'Donnell,Consumer,United States,Los Angeles,California,90036,West,OFF-PA-10000483,Office Supplies,Paper,Xerox 19,154.9,5
6981,CA-2014-146990,11/7/2014,11/8/2014,First Class,(719)-444-212,Bart Pistole,Corporate,United States,New York City,New York,10024,East,OFF-FA-10000611,Office Supplies,Fasteners,Binder Clips by OIC,5.92,4
6982,CA-2014-146990,11/7/2014,11/8/2014,First Class,(719)-444-212,Bart Pistole,Corporate,United States,New York City,New York,10024,,OFF-PA-10000246,Office Supplies,Paper,Riverleaf Stik-Withit Designer Note Cubes,30,3
6983,CA-2016-116526,9/1/2016,9/5/2016,Standard Class,3443945068,Joseph Airdo,Consumer,United States,Detroit,Michigan,48227,Central,OFF-BI-10004728,Office Supplies,Binders,Wilson Jones Turn Tabs Binder Tool for Ring Binders,24.1,5
6984,CA-2016-116526,9/1/2016,9/5/2016,Standard Class,9581638188,Joseph Airdo,Consumer,United States,Detroit,Michigan,48227,Central,TEC-PH-10002365,Technology,Phones,Belkin Grip Candy Sheer Case / Cover for iPhone 5 and 5S,8.78,1
6985,CA-2016-116526,9/1/2016,9/5/2016,Standard Class,2626901153,Joseph Airdo,Consumer,United States,Detroit,Michigan,48227,Central,OFF-AP-10002457,Office Supplies,Appliances,"Eureka The Boss Plus 12-Amp Hard Box Upright Vacuum, Red",376.74,4
6986,CA-2016-116526,9/1/2016,9/5/2016,Std. class,1873564924,Joseph Airdo,Consumer,United States,Detroit,Michigan,48227,Central,OFF-BI-10000320,Office Supplies,Binders,GBC Plastic Binding Combs,29.52,4
6987,CA-2016-116526,9/1/2016,9/5/2016,Std. class,3220312841,Joseph Airdo,Consumer,United States,Detroit,Michigan,48227,,OFF-AR-10004999,Office Supplies,Art,Newell 315,11.96,2
6988,CA-2016-116526,9/1/2016,9/5/2016,Standard Class,9846292609,Joseph Airdo,Consumer,United States,Detroit,Michigan,48227,Central,OFF-BI-10001116,Office Supplies,Binders,"Wilson Jones 1"" Hanging DublLock Ring Binders",26.4,5
6989,CA-2017-158561,11/11/2017,11/16/2017,Second Class,3488095525,Brenda H. Bowman,Corporate,United States,Fort Lauderdale,Florida,33311,,OFF-AP-10002651,Office Supplies,Appliances,Hoover Upright Vacuum With Dirt Cup,1158.12,5
6990,CA-2017-165099,12/11/2017,12/13/2017,1st class,8528089066,Dennis Kane,Consumer,United States,Abilene,Texas,79605,Central,OFF-AP-10001634,Office Supplies,Appliances,Hoover Commercial Lightweight Upright Vacuum,1.392,2
6991,CA-2015-109386,11/8/2015,11/13/2015,Second Class,7881092481,Rob Lionel Ruthford Haberlin,Consumer,United States,Hampton,Virginia,23666,South,OFF-AP-10003266,Office Supplies,Appliances,"Holmes Replacement Filter for HEPA Air Cleaner, Large Room",44.43,3
6992,CA-2015-109386,11/8/2015,11/13/2015,Second Class,1969488663,Rob Lionel Ruthford Haberlin,Consumer,United States,Hampton,Virginia,23666,South,TEC-PH-10002890,Technology,Phones,AT&T 17929 Lendline Telephone,226.2,5
6993,CA-2015-109386,11/8/2015,11/13/2015,Second Class,2196108446,Rob Lionel Ruthford Haberlin,Consumer,United States,Hampton,Virginia,23666,South,FUR-FU-10000308,Furniture,Furnishings,Deflect-o Glass Clear Studded Chair Mats,186.54,3
6994,CA-2015-109386,11/8/2015,11/13/2015,Second Class,3195909747,Rob Lionel Ruthford Haberlin,Consumer,United States,Hampton,Virginia,23666,South,OFF-AR-10000380,Office Supplies,Art,"Hunt PowerHouse Electric Pencil Sharpener, Blue",265.86,7
6995,CA-2015-109386,11/8/2015,11/13/2015,Second Class,7039807855,Rob Lionel Ruthford Haberlin,Consumer,United States,Hampton,Virginia,23666,South,OFF-AR-10000122,Office Supplies,Art,Newell 314,27.9,5
6996,CA-2015-166800,11/19/2015,11/26/2015,Standard Class,3222151251,Aleksandra Gannaway,Corporate,United States,Las Vegas,Nevada,89115,,OFF-AP-10004868,Office Supplies,Appliances,Hoover Commercial Soft Guard Upright Vacuum And Disposable Filtration Bags,31.08,4
6997,CA-2017-117443,12/23/2017,12/25/2017,Second Class,2549124502,Jennifer Braxton,Corporate,United States,Rockford,Illinois,61107,Central,OFF-BI-10004002,Office Supplies,Binders,Wilson Jones International Size A4 Ring Binders,13.84,4
6998,CA-2017-117443,12/23/2017,12/25/2017,Second Class,2763059401,Jennifer Braxton,Corporate,United States,Rockford,Illinois,61107,Central,OFF-PA-10004475,Office Supplies,Paper,Xerox 1940,175.872,4
6999,US-2016-134369,9/16,9/22/2016,Std. class,7243355116,Becky Castell,Home Office,United States,Laguna Niguel,California,92677,West,OFF-PA-10002195,Office Supplies,Paper,Xerox 1966,12.96,2
7000,CA-2017-123687,5/26/2017,5/29/2017,1st class,7473474241,Kimberly Carter,Corporate,United States,Louisville,Kentucky,40214,South,OFF-AP-10002670,Office Supplies,Appliances,Belkin 8-Outlet Premiere SurgeMaster II Surge Protectors,208.44,3
7001,CA-2017-123687,5/26/2017,5/29/2017,1st class,5753960020,Kimberly Carter,Corporate,United States,Louisville,Kentucky,40214,South,OFF-SU-10004498,Office Supplies,Supplies,Martin-Yale Premier Letter Opener,25.76,2
7002,CA-2015-104871,3/30/2015,4/3/2015,Standard Class,8374945437,Daniel Raglin,Home Office,United States,Normal,Illinois,61761,Central,FUR-CH-10003298,Furniture,Chairs,"Office Star - Contemporary Task Swivel chair with Loop Arms, Charcoal",366.744,4
7003,CA-2014-133158,8/19/2014,8/21/2014,Second Class,9137880728,David Wiener,Corporate,United States,Los Angeles,California,90045,West,FUR-FU-10000723,Furniture,Furnishings,"Deflect-o EconoMat Studded, No Bevel Mat for Low Pile Carpeting",289.24,7
7004,CA-2014-133158,8/19/2014,8/21/2014,Second Class,9944794052,David Wiener,Corporate,United States,Los Angeles,California,90045,West,OFF-BI-10000632,Office Supplies,Binders,Satellite Sectional Post Binders,69.456,2
7005,CA-2014-126333,12/23/2014,12/28/2014,Standard Class,6686115271,Michelle Ellison,Corporate,United States,Port Arthur,Texas,77642,Central,OFF-PA-10000223,Office Supplies,Paper,Xerox 2000,5.184,1
7006,CA-2015-141740,11/1/2015,11/5/2015,Standard Class,3163688389,Jeremy Farry,Consumer,United States,New York City,New York,10009,East,FUR-CH-10001545,Furniture,Chairs,Hon Comfortask Task/Swivel Chairs,205.164,2
7007,CA-2014-119466,12/15/2014,12/21/2014,Standard Class,5014238805,Sung Pak,Corporate,United States,Chicago,Illinois,60623,Central,FUR-FU-10001546,Furniture,Furnishings,Dana Swing-Arm Lamps,8.544,2
7008,CA-2015-154823,8/21/2015,8/25/2015,Standard Class,1540406620,Katherine R. Nockton,Corporate,United States,Springfield,Ohio,45503,East,OFF-BI-10001098,Office Supplies,Binders,Acco D-Ring Binder w/DublLock,12.828,2
7009,CA-2015-154823,8/21/2015,8/25/2015,Standard Class,2703981718,Katherine R. Nockton,Corporate,United States,Springfield,Ohio,45503,East,FUR-CH-10003379,Furniture,Chairs,Global Commerce Series High-Back Swivel/Tilt Chairs,598.458,3
7010,CA-2015-154823,8/21/2015,8/25/2015,Standard Class,7796927416,Katherine R. Nockton,Corporate,United States,Springfield,Ohio,45503,East,FUR-FU-10000193,Furniture,Furnishings,Tenex Chairmats For Use with Hard Floors,25.984,1
7011,US-2014-135881,5/23/2014,5/27/2014,Standard Class,8558985218,Greg Tran,Consumer,United States,New York City,New York,10035,East,OFF-BI-10000829,Office Supplies,Binders,Avery Non-Stick Binders,17.96,5
7012,US-2014-135881,5/23/2014,5/27/2014,Standard Class,2934068110,Greg Tran,Consumer,United States,New York City,New York,10035,East,OFF-SU-10003002,Office Supplies,Supplies,Letter Slitter,5.04,2
7013,US-2014-135881,5/23/2014,5/27/2014,Standard Class,3363180972,Greg Tran,Consumer,United States,New York City,New York,10035,East,OFF-AP-10002118,Office Supplies,Appliances,"1.7 Cubic Foot Compact ""Cube"" Office Refrigerators",208.16,1
7014,CA-2017-141201,12/9/2017,12/11/2017,Second Class,5878881410,Daniel Byrd,Home Office,United States,Salinas,California,93905,West,FUR-BO-10001519,Furniture,Bookcases,O'Sullivan 3-Shelf Heavy-Duty Bookcases,148.257,3
7015,CA-2014-114790,3/11/2014,3/13/2014,Second Class,1872218121,周星馳,Corporate,United States,Richmond,Kentucky,40475,South,OFF-AP-10002578,Office Supplies,Appliances,"Fellowes Premier Superior Surge Suppressor, 10-Outlet, With Phone and Remote",146.76,3
7016,CA-2014-114790,3/11/2014,3/13/2014,Second Class,6801838453,周星馳,Corporate,United States,Richmond,Kentucky,40475,South,TECAC-10000710,Technology,Accessories,Maxell DVD-RAM Discs,32.96,2
7017,CA-2014-114790,3/11/2014,3/13/2014,Second Class,5127990420,周星馳,Corporate,United States,Richmond,Kentucky,40475,South,TEC-PH-10000984,Technology,Phones,Panasonic KX-TG9471B,587.97,3
7018,CA-2014-114790,3/11/2014,3/13/2014,Second Class,6587000392,周星馳,Corporate,United States,Richmond,Kentucky,40475,South,OFF-PA-10000213,Office Supplies,Paper,Xerox 198,14.94,3
7019,US-2016-154256,6/23/2016,6/27/2016,Second Class,8330176256,Sally Matthias,Consumer,United States,New York City,New York,10035,East,OFF-LA10003720,Office Supplies,Labels,Avery 487,25.83,7
7020,CA-2014-124737,8/23/2014,8/27/2014,Standard Class,1335081748,Arthur Prichep,Consumer,United States,Denver,Colorado,80219,West,OFF-PA-10001837,Office Supplies,Paper,Xerox 1976,15.552,3
7021,CA-2014-124737,8/23/2014,8/27/2014,Standard Class,1709035754,Arthur Prichep,Consumer,United States,Denver,Colorado,80219,West,OFF-SU-10004661,Office Supplies,Supplies,Acme Titanium Bonded Scissors,6.8,1
7022,CA-2014-124737,8/23/2014,8/27/2014,Standard Class,2311325982,Arthur Prichep,Consumer,United States,Denver,Colorado,80219,West,FUR-FU-10003274,Furniture,Furnishings,Regeneration Desk Collection,4.224,3
7023,CA-2014-124737,8/23/2014,8/27/2014,Standard Class,4668359387,Arthur Prichep,Consumer,United States,Denver,Colorado,80219,West,TEC-PH-10000149,Technology,Phones,Cisco SPA525G2 IP Phone - Wireless,143.64,9
7024,CA-2014-124737,8/23/2014,8/27/2014,Standard Class,6441862486,Arthur Prichep,Consumer,United States,Denver,Colorado,80219,West,OFF-PA-10000019,Office Supplies,Paper,Xerox 1931,31.104,6
7025,CA-2014-124737,8/23/2014,8/27/2014,Standard Class,4969909494,Arthur Prichep,Consumer,United States,Denver,Colorado,80219,West,OFF-PA-10001125,Office Supplies,Paper,Xerox 1988,223.056,9
7026,US-2017-101840,2/6/2017,2/12/2017,Standard Class,3478720813,Sibella Parks,Corporate,United States,New York City,New York,10024,East,TEC-PH10002538,Technology,Phones,Grandstream GXP1160 VoIP phone,227.46,6
7027,US-2017-101840,2/6/2017,2/12/2017,Standard Class,6740032990,Sibella Parks,Corporate,United States,New York City,New York,10024,East,OFF-BI-10000279,Office Supplies,Binders,"Acco Recycled 2"" Capacity Laser Printer Hanging Data Binders",46.24,4
7028,CA-2017-131653,1/29/2017,2/5/2017,Standard Class,3850632825,Rob Dowd,Consumer,United States,New York City,New York,10011,East,OFF-LA-10001045,Office Supplies,Labels,Permanent Self-Adhesive File Folder Labels for Typewriters by Universal,5.22,2
7029,US-2016-157840,12/20/2016,12/23/2016,Second Class,5440097687,Matt Collins,Consumer,United States,Fremont,Nebraska,68025,Central,OFF-PA-10003673,Office Supplies,Paper,Strathmore Photo Mount Cards,33.9,5
7030,CA-2016-145548,11/11/2016,11/16/2016,Standard Class,8190414384,Edward Becker,Corporate,United States,New York City,New York,10011,East,OFF-ST-10002562,Office Supplies,Storage,Staple magnet,28.14,3
7031,CA-2016-145548,11/11/2016,11/16/2016,Standard Class,6765335135,Edward Becker,Corporate,United States,New York City,New York,10011,East,TEC-AC-10002305,Technology,Accessories,KeyTronic E03601U1 - Keyboard - Beige,36,2
7032,CA-2016-145548,11/11/2016,11/16/2016,Standard Class,8667021640,Edward Becker,Corporate,United States,New York City,New York,10011,East,OFF-AR-10003373,Office Supplies,Art,"Boston School Pro Electric Pencil Sharpener, 1670",92.94,3
7033,CA-2016-145548,11/11/2016,11/16/2016,Standard Class,3347576024,Edward Becker,Corporate,United States,New York City,New York,10011,East,FUR-CH-10003774,Furniture,Chairs,"Global Wood Trimmed Manager's Task Chair, Khaki",245.646,3
7034,CA-2016-145548,11/11/2016,11/16/2016,Standard Class,4778855616,Edward Becker,Corporate,United States,New York City,New York,10011,East,OFF-BI-10001510,Office Supplies,Binders,Deluxe Heavy-Duty Vinyl Round Ring Binder,55.008,3
7035,CA-2016-145548,11/11/2016,11/16/2016,Standard Class,7527801633,Edward Becker,Corporate,United States,New York City,New York,10011,East,OFF-BI-10004236,Office Supplies,Binders,"XtraLife ClearVue Slant-D Ring Binder, White, 3""",35.232,3
7036,CA-2017-119494,11/9/2017,11/13/2017,Standard Class,7802703558,Jim Epp,Corporate,United States,San Diego,California,92105,West,FUR-CH-10004675,Furniture,Chairs,"Lifetime Advantage Folding Chairs, 4/Carton",523.392,3
7037,CA-2014-124618,5/2/2014,5/4/2014,Second Class,6741663231,Cari Schnelling,Consumer,United States,Lakeland,Florida,33801,South,TEC-CO-10004202,Technology,Copiers,Brother DCP1000 Digital 3 in 1 Multifunction Machine,479.984,2
7038,CA-2017-161970,9/22/2017,9/27/2017,Standard Class,1898644889,Peter Bühler,Consumer,United States,Smyrna,Georgia,30080,South,OFF-PA-10004255,Office Supplies,Paper,Xerox 219,12.96,2
7039,CA-2017-161970,9/22/2017,9/27/2017,Standard Class,3897981288,Peter Bühler,Consumer,United States,Smyrna,Georgia,30080,South,OFF-AR-10003896,Office Supplies,Art,"Stride Job 150 Highlighters, Chisel Tip, Assorted Colors",17.94,3
7040,CA-2017-103443,12/17/2017,12/23/2017,Standard Class,6094737431,Annie Thurman,Consumer,United States,New York City,New York,10009,East,OFF-ST-10002276,Office Supplies,Storage,Safco Steel Mobile File Cart,166.72,2
7041,CA-2017-103443,12/17/2017,12/23/2017,Standard Class,5715194303,Annie Thurman,Consumer,United States,New York City,New York,10009,East,OFF-BI-10001617,Office Supplies,Binders,GBC Wire Binding Combs,24.816,3
7042,CA-2017-103443,12/17/2017,12/23/2017,Standard Class,2306364026,Annie Thurman,Consumer,United States,New York City,New York,10009,East,FUR-FU-10000308,Furniture,Furnishings,Deflect-o Glass Clear Studded Chair Mats,124.36,2
7043,US-2017-165358,7/18/2017,7/23/2017,Standard Class,6267908706,Seth Vernon,Consumer,United States,Philadelphia,Pennsylvania,19134,East,TEC-CO-10001943,Technology,Copiers,Canon PC-428 Personal Copier,599.97,5
7044,US-2017-165358,7/18/2017,7/23/2017,Standard Class,2864425182,Seth Vernon,Consumer,United States,Philadelphia,Pennsylvania,19134,East,FUR-CH-10002647,Furniture,Chairs,"Situations Contoured Folding Chairs, 4/Set",198.744,4
7045,US-2017-165358,7/18/2017,7/23/2017,Standard Class,3954805001,Seth Vernon,Consumer,United States,Philadelphia,Pennsylvania,19134,East,OFF-SU-10004768,Office Supplies,Supplies,Acme Kleencut Forged Steel Scissors,9.184,2
7046,CA-2016-160136,11/3/2016,11/9/2016,Standard Class,8055409097,Patrick Jones,Corporate,United States,Dallas,Texas,75217,Central,OFF-PA-10002160,Office Supplies,Paper,Xerox 1978,9.248,2
7047,CA-2014-150581,4/8/2014,4/12/2014,Standard Class,3965558603,Nathan Mautz,Home Office,United States,Concord,California,94521,West,FUR-TA-10003748,Furniture,Tables,Bevis 36 x 72 Conference Tables,99.592,1
7048,CA-2014-150581,4/8/2014,4/12/2014,Standard Class,8126663847,Nathan Mautz,Home Office,United States,Concord,California,94521,West,TEC-AC-10001908,Technology,Accessories,Logitech Wireless Headset h800,399.96,4
7049,CA-2016-119515,8/14/2016,8/16/2016,First Class,4849092678,Toby Ritter,Consumer,United States,Nashville,Tennessee,37211,South,OFF-PA-10000552,Office Supplies,Paper,Xerox 200,15.552,3
7050,CA-2014-141355,9/25/2014,9/30/2014,Standard Class,8434466734,Barry Franz,Home Office,United States,Aurora,Colorado,80013,West,OFF-AR-10003179,Office Supplies,Art,Dixon Ticonderoga Core-Lock Colored Pencils,14.576,2
7051,CA-2016-165330,12/11/2016,12/11/2016,Same Day,2485006681,William Brown,Consumer,United States,Anaheim,California,92804,West,OFF-BI-10004593,Office Supplies,Binders,Ibico Laser Imprintable Binding System Covers,209.6,5
7052,CA-2016-165330,12/11/2016,12/11/2016,Same Day,1653919921,William Brown,Consumer,United States,Anaheim,California,92804,West,OFF-AR-10000914,Office Supplies,Art,Boston 16765 Mini Stand Up Battery Pencil Sharpener,23.32,2
7053,CA-2016-165330,12/11/2016,12/11/2016,Same Day,3166650409,William Brown,Consumer,United States,Anaheim,California,92804,West,OFF-PA-10000241,Office Supplies,Paper,"IBM Multi-Purpose Copy Paper, 8 1/2 x 11"", Case",30.98,1
7054,CA-2016-165330,12/11/2016,12/11/2016,Same Day,6612070885,William Brown,Consumer,United States,Anaheim,California,92804,West,TEC-AC-10000057,Technology,Accessories,Microsoft Natural Ergonomic Keyboard 4000,119.96,4
7055,CA-2016-165330,12/11/2016,12/11/2016,Same Day,9415869599,William Brown,Consumer,United States,Anaheim,California,92804,West,FUR-CH-10003774,Furniture,Chairs,"Global Wood Trimmed Manager's Task Chair, Khaki",363.92,5
7056,CA-2016-165330,12/11/2016,12/11/2016,Same Day,2623370761,William Brown,Consumer,United States,Anaheim,California,92804,West,OFF-BI-10002824,Office Supplies,Binders,Recycled Easel Ring Binders,35.808,3
7057,CA-2016-165330,12/11/2016,12/11/2016,Same Day,2879439487,William Brown,Consumer,United States,Anaheim,California,92804,West,OFF-BI-10004001,Office Supplies,Binders,GBC Recycled VeloBinder Covers,122.688,9
7058,CA-2016-165330,12/11/2016,12/11/2016,Same Day,9614709296,William Brown,Consumer,United States,Anaheim,California,92804,West,FUR-TA-10004619,Furniture,Tables,Hon Non-Folding Utility Tables,892.136,7
7059,CA-2016-165330,12/11/2016,12/11/2016,Same Day,8284704393,William Brown,Consumer,United States,Anaheim,California,92804,West,OFF-ST-10000636,Office Supplies,Storage,Rogers Profile Extra Capacity Storage Tub,50.22,3
7060,CA-2016-165330,12/11/2016,12/11/2016,Same Day,9631428181,William Brown,Consumer,United States,Anaheim,California,92804,West,OFF-AP-10001469,Office Supplies,Appliances,Fellowes 8 Outlet Superior Workstation Surge Protector,83.42,2
7061,CA-2016-165330,12/11/2016,12/11/2016,Same Day,2051700631,William Brown,Consumer,United States,Anaheim,California,92804,West,OFF-BI-10002897,Office Supplies,Binders,"Black Avery Memo-Size 3-Ring Binder, 5 1/2"" x 8 1/2""",5.872,2
7062,CA-2015-132633,2/3/2015,2/5/2015,Second Class,6962241582,Ken Heidel,Corporate,United States,Pleasant Grove,Utah,84062,West,OFF-BI-10002432,Office Supplies,Binders,Wilson Jones Standard D-Ring Binders,12.144,3
7063,CA-2016-157742,12/29/2016,12/31/2016,Second Class,7131391879,Ken Lonsdale,Consumer,United States,Springfield,Oregon,97477,West,OFF-EN-10002592,Office Supplies,Envelopes,"Peel & Seel Recycled Catalog Envelopes, Brown",27.792,3
7064,CA-2017-127712,8/31/2017,9/5/2017,Standard Class,2446763421,Michael Granlund,Home Office,United States,Salem,Oregon,97301,West,OFF-SU-10002522,Office Supplies,Supplies,Acme Kleen Earth Office Shears,6.208,2
7065,CA-2017-169474,2/4/2017,2/9/2017,Standard Class,8840575904,Jay Fein,Consumer,United States,Rochester,New York,14609,East,OFF-AP-10003971,Office Supplies,Appliances,Belkin 6 Outlet Metallic Surge Strip,32.67,3
7066,CA-2014-106726,12/6/2014,12/8/2014,First Class,8011928166,Roland Schwarz,Corporate,United States,Los Angeles,California,90008,West,OFF-ST-10001496,Office Supplies,Storage,Standard Rollaway File with Lock,1261.33,7
7067,CA-2016-147473,5/30/2016,6/3/2016,Standard Class,8535139360,Nancy Lomonaco,Home Office,United States,Los Angeles,California,90049,West,OFF-PA-10004782,Office Supplies,Paper,Xerox 228,38.88,6
7068,CA-2016-114209,5/21/2016,5/26/2016,Standard Class,9991124259,Alejandro Savely,Corporate,United States,Dallas,Texas,75081,Central,OFF-BI-10000343,Office Supplies,Binders,"Pressboard Covers with Storage Hooks, 9 1/2"" x 11"", Light Blue",1.964,2
7069,CA-2016-114209,5/21/2016,5/26/2016,Standard Class,1561840287,Alejandro Savely,Corporate,United States,Dallas,Texas,75081,Central,OFF-PA-10003591,Office Supplies,Paper,Southworth 100% Cotton The Best Paper,82.656,9
7070,CA-2014-141901,8/9/2014,8/14/2014,Standard Class,7821160980,Gene McClure,Consumer,United States,Fresno,California,93727,West,OFF-PA-10001667,Office Supplies,Paper,Great White Multi-Use Recycled Paper (20Lb. and 84 Bright),5.98,1
7071,CA-2016-164490,9/5/2016,9/10/2016,Second Class,2977579421,Stephanie Ulpright,Home Office,United States,Chicago,Illinois,60653,Central,OFF-PA-10004971,Office Supplies,Paper,Xerox 196,9.248,2
7072,CA-2016-112256,7/23/2016,7/28/2016,Standard Class,1686646716,Chloris Kastensmidt,Consumer,United States,Mcallen,Texas,78501,Central,OFF-AR-10001216,Office Supplies,Art,Newell 339,4.448,2
7073,CA-2016-112256,7/23/2016,7/28/2016,Standard Class,4462619521,Chloris Kastensmidt,Consumer,United States,Mcallen,Texas,78501,Central,OFF-PA-10004355,Office Supplies,Paper,Xerox 231,5.184,1
7074,CA-2016-112256,7/23/2016,7/28/2016,Standard Class,8129021974,Chloris Kastensmidt,Consumer,United States,Mcallen,Texas,78501,Central,OFF-AR-10001953,Office Supplies,Art,Boston 1645 Deluxe Heavier-Duty Electric Pencil Sharpener,175.92,5
7075,CA-2016-112256,7/23/2016,7/28/2016,Standard Class,9884550196,Chloris Kastensmidt,Consumer,United States,Mcallen,Texas,78501,Central,OFF-BI-10004364,Office Supplies,Binders,Storex Dura Pro Binders,4.752,4
7076,CA-2016-112256,7/23/2016,7/28/2016,Standard Class,5489027962,Chloris Kastensmidt,Consumer,United States,Mcallen,Texas,78501,Central,OFF-SU-10001165,Office Supplies,Supplies,Acme Elite Stainless Steel Scissors,13.344,2
7077,CA-2016-167416,5/12/2016,5/17/2016,Standard Class,3312698440,Jill Matthias,Consumer,United States,Seattle,Washington,98105,West,OFF-EN-10001141,Office Supplies,Envelopes,"Manila Recycled Extra-Heavyweight Clasp Envelopes, 6"" x 9""",54.9,5
7078,CA-2016-106950,9/2/2016,9/6/2016,Standard Class,6878087646,Joe Elijah,Consumer,United States,Charlotte,North Carolina,28205,South,OFF-BI-10000014,Office Supplies,Binders,Heavy-Duty E-Z-D Binders,22.911,7
7079,CA-2016-106950,9/2/2016,9/6/2016,Standard Class,5423493076,Joe Elijah,Consumer,United States,Charlotte,North Carolina,28205,South,OFF-AP-10000159,Office Supplies,Appliances,Belkin F9M820V08 8 Outlet Surge,309.456,9
7080,CA-2016-106950,9/2/2016,9/6/2016,Standard Class,1637838132,Joe Elijah,Consumer,United States,Charlotte,North Carolina,28205,South,OFF-AR-10003560,Office Supplies,Art,Zebra Zazzle Fluorescent Highlighters,19.456,4
7081,CA-2016-106950,9/2/2016,9/6/2016,Standard Class,8176996384,Joe Elijah,Consumer,United States,Charlotte,North Carolina,28205,South,FUR-TA-10001768,Furniture,Tables,Hon Racetrack Conference Tables,472.518,3